<?xml version="1.0"?>
<TextureMap xmlns:xsi="http://www.w3.org/2001/XMLSchema-instance" xmlns:xsd="http://www.w3.org/2001/XMLSchema" xmlns="gdkchan/MESTool">
  <Section1>
    <ElementCount>3</ElementCount>
    <Data>
      <base64Binary>PuAAADyAAAA/GAAAPyAAAA==</base64Binary>
      <base64Binary>PyAAADyAAAA/QAAAPqgAAA==</base64Binary>
      <base64Binary>PIAAADyAAAA+0AAAPwQAAA==</base64Binary>
    </Data>
  </Section1>
  <Section2>
    <ElementCount>3</ElementCount>
    <Data>
      <base64Binary>QSAAAEIcAAA=</base64Binary>
      <base64Binary>QQAAAEGgAAA=</base64Binary>
      <base64Binary>QcgAAEIAAAA=</base64Binary>
    </Data>
  </Section2>
</TextureMap>