<?xml version="1.0"?>
<TextureMap xmlns:xsi="http://www.w3.org/2001/XMLSchema-instance" xmlns:xsd="http://www.w3.org/2001/XMLSchema" xmlns="gdkchan/MESTool">
  <Section1>
    <ElementCount>4</ElementCount>
    <Data>
      <base64Binary>PIAAADyAAAA+MAAAPyAAAA==</base64Binary>
      <base64Binary>PwAAADyAAAA/IAAAPqgAAA==</base64Binary>
      <base64Binary>PygAADyAAAA/PAAAPpgAAA==</base64Binary>
      <base64Binary>PlAAADyAAAA+8AAAPtgAAA==</base64Binary>
    </Data>
  </Section1>
  <Section2>
    <ElementCount>4</ElementCount>
    <Data>
      <base64Binary>QSAAAEIcAAA=</base64Binary>
      <base64Binary>QQAAAEGgAAA=</base64Binary>
      <base64Binary>QKAAAEGQAAA=</base64Binary>
      <base64Binary>QYgAAEHQAAA=</base64Binary>
    </Data>
  </Section2>
</TextureMap>