<?xml version="1.0"?>
<TextureMap xmlns:xsi="http://www.w3.org/2001/XMLSchema-instance" xmlns:xsd="http://www.w3.org/2001/XMLSchema" xmlns="gdkchan/MESTool">
  <Section1>
    <ElementCount>8</ElementCount>
    <Data>
      <base64Binary>PswAADyAAAA+9AAAPyAAAA==</base64Binary>
      <base64Binary>PyYAAD8AAAA/NgAAP1AAAA==</base64Binary>
      <base64Binary>PmAAADyAAAA+xAAAPwQAAA==</base64Binary>
      <base64Binary>PAAAADyAAAA+UAAAPwQAAA==</base64Binary>
      <base64Binary>PvwAADyAAAA/IgAAPvAAAA==</base64Binary>
      <base64Binary>PyYAADyAAAA/SgAAPvAAAA==</base64Binary>
      <base64Binary>P04AADyAAAA/cgAAPvAAAA==</base64Binary>
      <base64Binary>PvwAAD8AAAA/IgAAP3QAAA==</base64Binary>
    </Data>
  </Section1>
  <Section2>
    <ElementCount>8</ElementCount>
    <Data>
      <base64Binary>QSAAAEIcAAA=</base64Binary>
      <base64Binary>QQAAAEGgAAA=</base64Binary>
      <base64Binary>QagAAEIAAAA=</base64Binary>
      <base64Binary>QcgAAEIAAAA=</base64Binary>
      <base64Binary>QZAAAEHoAAA=</base64Binary>
      <base64Binary>QZAAAEHoAAA=</base64Binary>
      <base64Binary>QZAAAEHoAAA=</base64Binary>
      <base64Binary>QZAAAEHoAAA=</base64Binary>
    </Data>
  </Section2>
</TextureMap>